<hazelcast
  xsi:schemaLocation="http://www.hazelcast.com/schema/config http://www.hazelcast.com/schema/config/hazelcast-config-3.3.xsd"
  xmlns="http://www.hazelcast.com/schema/config"
  xmlns:xsi="http://www.w3.org/2001/XMLSchema-instance">
  <properties>
    <property name="hazelcast.logging.type">slf4j</property>
    <property name="hazelcast.discovery.enabled">true</property>
  </properties>
  <network>
    <join>
      <multicast enabled="false"/>
      <tcp-ip enabled="false" />
      <discovery-strategies>
        <discovery-strategy enabled="true"
                            class="com.hazelcast.kubernetes.HazelcastKubernetesDiscoveryStrategy">
          <properties>
            <property name="service-label-name">vertx-in-action</property>
            <property name="service-label-value">chapter13</property>
          </properties>
        </discovery-strategy>
      </discovery-strategies>
    </join>
  </network>
</hazelcast>

